{"cameraMode":{"drawMode":0,"name":"Shaded","section":"Shading Mode"},"sceneLighting":false,"audioPlay":false,"sceneViewState":{"m_AlwaysRefresh":false,"showFog":true,"showSkybox":false,"showFlares":true,"showImageEffects":true,"showParticleSystems":true,"showVisualEffectGraphs":true,"m_FxEnabled":true},"in2DMode":false,"pivot":{"x":0.05847311019897461,"y":0.26812541484832766,"z":0.15668129920959474},"rotation":{"x":0.10058189183473587,"y":-0.46406129002571108,"z":0.05313330143690109,"w":0.878469705581665},"size":0.7483934760093689,"orthographic":true}