{"cameraMode":{"drawMode":0,"name":"Shaded","section":"Shading Mode"},"sceneLighting":false,"audioPlay":false,"sceneViewState":{"m_AlwaysRefresh":false,"showFog":true,"showSkybox":false,"showFlares":true,"showImageEffects":true,"showParticleSystems":true,"showVisualEffectGraphs":true,"m_FxEnabled":true},"in2DMode":false,"pivot":{"x":0.054567158222198489,"y":0.3540888726711273,"z":-0.19066986441612245},"rotation":{"x":0.053541723638772967,"y":0.9462857842445374,"z":-0.23458310961723329,"w":0.21598266065120698},"size":0.7902064919471741,"orthographic":true}