{"cameraMode":{"drawMode":0,"name":"Shaded","section":"Shading Mode"},"sceneLighting":true,"audioPlay":false,"sceneViewState":{"m_AlwaysRefresh":false,"showFog":true,"showSkybox":true,"showFlares":true,"showImageEffects":true,"showParticleSystems":true,"showVisualEffectGraphs":true,"m_FxEnabled":true},"in2DMode":false,"pivot":{"x":4.385430335998535,"y":0.5682191848754883,"z":-0.28990912437438967},"rotation":{"x":0.29695096611976626,"y":-0.0028648325242102148,"z":0.0008908347808755934,"w":0.9548873901367188},"size":1.4705616235733033,"orthographic":true}