{"cameraMode":{"drawMode":0,"name":"Shaded","section":"Shading Mode"},"sceneLighting":true,"audioPlay":false,"sceneViewState":{"m_AlwaysRefresh":false,"showFog":true,"showSkybox":true,"showFlares":true,"showImageEffects":true,"showParticleSystems":true,"showVisualEffectGraphs":true,"m_FxEnabled":true},"in2DMode":false,"pivot":{"x":0.24408316612243653,"y":0.2666296064853668,"z":0.018063195049762727},"rotation":{"x":-0.20247016847133637,"y":-0.12186326831579209,"z":0.02540135756134987,"w":-0.9713496565818787},"size":0.7061862945556641,"orthographic":true}