{"cameraMode":{"drawMode":0,"name":"Shaded","section":"Shading Mode"},"sceneLighting":false,"audioPlay":false,"sceneViewState":{"m_AlwaysRefresh":false,"showFog":true,"showSkybox":false,"showFlares":true,"showImageEffects":true,"showParticleSystems":true,"showVisualEffectGraphs":true,"m_FxEnabled":true},"in2DMode":false,"pivot":{"x":1.6241917610168458,"y":0.3446474075317383,"z":0.1123577132821083},"rotation":{"x":0.08749134838581085,"y":0.42484259605407717,"z":-0.04129490628838539,"w":0.9000845551490784},"size":3.314992666244507,"orthographic":true}